frame;timestamp;x;y;z;speed;hState;vState;isOnSlope;crouchingOn
0;4,055986;0;42,25;-48,01;0,58;PlayerIdleState;PlayerFallState;False;none
5;5,672501;0;41,9;-48,01;0;PlayerIdleState;PlayerGroundedState;True;none
10;5,763511;0;41,9;-48,01;0;PlayerIdleState;PlayerGroundedState;True;none
15;5,843607;0;41,9;-48,01;0;PlayerIdleState;PlayerGroundedState;True;none
20;5,92512;0;41,9;-48,01;0;PlayerIdleState;PlayerGroundedState;True;none
25;6,007802;0;41,9;-48,01;0;PlayerIdleState;PlayerGroundedState;True;none
30;6,092663;0;41,9;-48,01;0;PlayerIdleState;PlayerGroundedState;True;none
35;6,17503;0;41,9;-48,01;0;PlayerIdleState;PlayerGroundedState;True;none
40;6,257256;0;41,9;-48,01;0;PlayerIdleState;PlayerGroundedState;True;none
45;6,341421;0;41,9;-48,01;0;PlayerIdleState;PlayerGroundedState;True;none
50;6,425315;0;41,9;-48,01;0;PlayerIdleState;PlayerGroundedState;True;none
55;6,508092;0;41,9;-48,01;0;PlayerIdleState;PlayerGroundedState;True;none
60;6,591409;0;41,9;-48,01;0;PlayerIdleState;PlayerGroundedState;True;none
65;6,675653;0;41,9;-48,01;0;PlayerIdleState;PlayerGroundedState;True;none
70;6,757181;0;41,9;-48,01;0;PlayerIdleState;PlayerGroundedState;True;none
75;6,840904;0;41,9;-48,01;0;PlayerIdleState;PlayerGroundedState;True;none
80;6,925345;0;41,9;-48,01;0;PlayerIdleState;PlayerGroundedState;True;none
85;7,008595;0;41,9;-48,01;0;PlayerIdleState;PlayerGroundedState;True;none
90;7,090746;0;41,9;-48,01;0;PlayerIdleState;PlayerGroundedState;True;none
95;7,174113;0;41,9;-48,01;0;PlayerIdleState;PlayerGroundedState;True;none
100;7,258133;0;41,9;-48,01;0;PlayerIdleState;PlayerGroundedState;True;none
105;7,340684;0;41,9;-48,01;0;PlayerIdleState;PlayerGroundedState;True;none
110;7,423683;0;41,9;-48,01;0;PlayerIdleState;PlayerGroundedState;True;none
115;7,507222;0;41,9;-48,01;0;PlayerIdleState;PlayerGroundedState;True;none
120;7,591391;0;41,9;-48,01;0;PlayerIdleState;PlayerGroundedState;True;none
125;7,674199;0;41,9;-48,01;0;PlayerIdleState;PlayerGroundedState;True;none
130;7,7578;0;41,9;-48,01;0;PlayerIdleState;PlayerGroundedState;True;none
135;7,841085;0;41,9;-48,01;0;PlayerIdleState;PlayerGroundedState;True;none
140;7,923296;0;41,9;-48,01;0;PlayerIdleState;PlayerGroundedState;True;none
145;8,00899;0;41,9;-48,01;0;PlayerIdleState;PlayerGroundedState;True;none
150;8,091583;0;41,9;-48,01;0;PlayerIdleState;PlayerGroundedState;True;none
155;8,177157;0;41,9;-48,01;0;PlayerIdleState;PlayerGroundedState;True;none
160;8,259408;0;41,9;-48,01;0;PlayerIdleState;PlayerGroundedState;True;none
165;8,341599;0;41,9;-48,01;0;PlayerIdleState;PlayerGroundedState;True;none
170;8,425697;0;41,9;-48,01;0;PlayerIdleState;PlayerGroundedState;True;none
175;8,507916;0;41,9;-48,01;0;PlayerIdleState;PlayerGroundedState;True;none
180;8,592571;0;41,9;-48,01;0;PlayerIdleState;PlayerGroundedState;True;none
185;8,674245;0;41,9;-48,01;0;PlayerIdleState;PlayerGroundedState;True;none
190;8,757781;0;41,9;-48,01;0;PlayerIdleState;PlayerGroundedState;True;none
195;8,840878;0;41,9;-48,01;0;PlayerIdleState;PlayerGroundedState;True;none
200;8,924759;0;41,9;-48,01;0;PlayerIdleState;PlayerGroundedState;True;none
205;9,009285;0;41,9;-48,01;0;PlayerIdleState;PlayerGroundedState;True;none
210;9,091695;0;41,9;-48,01;0;PlayerIdleState;PlayerGroundedState;True;none
215;9,175818;0;41,9;-48,01;0;PlayerIdleState;PlayerGroundedState;True;none
220;9,258387;0;41,9;-48,01;0;PlayerIdleState;PlayerGroundedState;True;none
225;9,343534;0;41,9;-48,01;0;PlayerIdleState;PlayerGroundedState;True;none
230;9,423896;0;41,9;-48,01;0;PlayerIdleState;PlayerGroundedState;True;none
235;9,507898;0;41,9;-48,01;0;PlayerIdleState;PlayerGroundedState;True;none
240;9,591298;0;41,9;-48,01;0;PlayerIdleState;PlayerGroundedState;True;none
245;9,674688;0;41,9;-48,01;0;PlayerIdleState;PlayerGroundedState;True;none
250;9,756741;0;41,9;-48,01;0;PlayerIdleState;PlayerGroundedState;True;none
255;9,842669;0;41,9;-48,01;0;PlayerIdleState;PlayerGroundedState;True;none
260;9,924137;0;41,9;-48,01;0;PlayerIdleState;PlayerGroundedState;True;none
265;10,00698;0;41,9;-48,01;0;PlayerIdleState;PlayerGroundedState;True;none
270;10,09061;0;41,9;-48,01;0;PlayerIdleState;PlayerGroundedState;True;none
275;10,17416;0;41,9;-48,01;0;PlayerIdleState;PlayerGroundedState;True;none
280;10,25941;0;41,9;-48,01;0;PlayerIdleState;PlayerGroundedState;True;none
285;10,34061;0;41,9;-48,01;0;PlayerIdleState;PlayerGroundedState;True;none
290;10,42446;0;41,9;-48,01;0;PlayerIdleState;PlayerGroundedState;True;none
295;10,50747;0;41,9;-48,01;0;PlayerIdleState;PlayerGroundedState;True;none
300;10,59134;0;41,9;-48,01;0;PlayerIdleState;PlayerGroundedState;True;none
305;10,67554;0;41,9;-48,01;0;PlayerIdleState;PlayerGroundedState;True;none
310;10,75939;0;41,9;-48,01;0;PlayerIdleState;PlayerGroundedState;True;none
315;10,84152;0;41,9;-48,01;0;PlayerIdleState;PlayerGroundedState;True;none
320;10,9249;0;41,9;-48,01;0;PlayerIdleState;PlayerGroundedState;True;none
325;11,00689;0;41,9;-48,01;0;PlayerIdleState;PlayerGroundedState;True;none
330;11,09287;0;41,9;-48,01;0;PlayerIdleState;PlayerGroundedState;True;none
335;11,17375;0;41,9;-48,01;0;PlayerIdleState;PlayerGroundedState;True;none
340;11,2572;0;41,9;-48,01;0;PlayerIdleState;PlayerGroundedState;True;none
345;11,34182;0;41,9;-48,01;0;PlayerIdleState;PlayerGroundedState;True;none
350;11,42484;0;41,9;-48,01;0;PlayerIdleState;PlayerGroundedState;True;none
355;11,50797;0;41,9;-48,01;0;PlayerIdleState;PlayerGroundedState;True;none
360;11,59146;0;41,9;-48,01;0;PlayerIdleState;PlayerGroundedState;True;none
365;11,67539;0;41,9;-48,01;0;PlayerIdleState;PlayerGroundedState;True;none
370;11,75842;0;41,9;-48,01;0;PlayerIdleState;PlayerGroundedState;True;none
375;11,84228;0;41,9;-48,01;0;PlayerIdleState;PlayerGroundedState;True;none
380;11,92401;0;41,9;-48,01;0;PlayerIdleState;PlayerGroundedState;True;none
385;12,00787;0;41,9;-48,01;0;PlayerIdleState;PlayerGroundedState;True;none
390;12,09204;0;41,9;-48,01;0;PlayerIdleState;PlayerGroundedState;True;none
395;12,17415;0;41,9;-48,01;0;PlayerIdleState;PlayerGroundedState;True;none
400;12,25779;0;41,9;-48,01;0;PlayerIdleState;PlayerGroundedState;True;none
405;12,34124;0;41,9;-48,01;0;PlayerIdleState;PlayerGroundedState;True;none
410;12,42471;0;41,9;-48,01;0;PlayerIdleState;PlayerGroundedState;True;none
415;12,50849;0;41,9;-48,01;0;PlayerIdleState;PlayerGroundedState;True;none
420;12,59189;0;41,9;-48,01;0;PlayerIdleState;PlayerGroundedState;True;none
425;12,67484;0;41,9;-48,01;0;PlayerIdleState;PlayerGroundedState;True;none
430;12,75859;0;41,9;-48,01;0;PlayerIdleState;PlayerGroundedState;True;none
435;12,84175;0;41,9;-48,01;0;PlayerIdleState;PlayerGroundedState;True;none
440;12,92529;0;41,9;-48,01;0;PlayerIdleState;PlayerGroundedState;True;none
445;13,00792;0;41,9;-48,01;0;PlayerIdleState;PlayerGroundedState;True;none
450;13,09134;0;41,9;-48,01;0;PlayerIdleState;PlayerGroundedState;True;none
455;13,17488;0;41,9;-48,01;0;PlayerIdleState;PlayerGroundedState;True;none
460;13,25748;0;41,9;-48,01;0;PlayerIdleState;PlayerGroundedState;True;none
465;13,34149;0;41,9;-48,01;0;PlayerIdleState;PlayerGroundedState;True;none
470;13,4255;0;41,9;-48,01;0;PlayerIdleState;PlayerGroundedState;True;none
475;13,50841;0;41,9;-48,01;0;PlayerIdleState;PlayerGroundedState;True;none
480;13,59059;0;41,9;-48,01;0;PlayerIdleState;PlayerGroundedState;True;none
485;13,67369;0;41,9;-48,01;0;PlayerIdleState;PlayerGroundedState;True;none
490;13,75708;0;41,9;-48,01;0;PlayerIdleState;PlayerGroundedState;True;none
495;13,84184;0;41,9;-48,01;0;PlayerIdleState;PlayerGroundedState;True;none
500;13,92475;0;41,9;-48,01;0;PlayerIdleState;PlayerGroundedState;True;none
505;14,00753;0;41,9;-48,01;0;PlayerIdleState;PlayerGroundedState;True;none
510;14,09038;0;41,9;-48,01;0;PlayerIdleState;PlayerGroundedState;True;none
515;14,17375;0;41,9;-48,01;0;PlayerIdleState;PlayerGroundedState;True;none
520;14,25853;0;41,9;-48,01;0;PlayerIdleState;PlayerGroundedState;True;none
525;14,34158;0;41,9;-48,01;0;PlayerIdleState;PlayerGroundedState;True;none
530;14,42488;0;41,9;-48,01;0;PlayerIdleState;PlayerGroundedState;True;none
535;14,50831;0;41,9;-48,01;0;PlayerIdleState;PlayerGroundedState;True;none
540;14,59047;0;41,9;-48,01;0;PlayerIdleState;PlayerGroundedState;True;none
545;14,6748;0;41,9;-48,01;0;PlayerIdleState;PlayerGroundedState;True;none
550;14,75903;0;41,9;-48,01;0;PlayerIdleState;PlayerGroundedState;True;none
555;14,84114;0;41,9;-48,01;0;PlayerIdleState;PlayerGroundedState;True;none
560;14,92494;0;41,9;-48,01;0;PlayerIdleState;PlayerGroundedState;True;none
565;15,00703;0;41,9;-48,01;0;PlayerIdleState;PlayerGroundedState;True;none
570;15,09185;0;41,9;-48,01;0;PlayerIdleState;PlayerGroundedState;True;none
575;15,1752;0;41,9;-48,01;0;PlayerIdleState;PlayerGroundedState;True;none
580;15,2578;0;41,9;-48,01;0;PlayerIdleState;PlayerGroundedState;True;none
585;15,34189;0;41,9;-48,01;0;PlayerIdleState;PlayerGroundedState;True;none
590;15,42414;0;41,9;-48,01;0;PlayerIdleState;PlayerGroundedState;True;none
595;15,50838;0;41,9;-48,01;0;PlayerIdleState;PlayerGroundedState;True;none
600;15,59068;0;41,9;-48,01;0;PlayerIdleState;PlayerGroundedState;True;none
605;15,67407;0;41,9;-48,01;0;PlayerIdleState;PlayerGroundedState;True;none
610;15,75869;0;41,9;-48,01;0;PlayerIdleState;PlayerGroundedState;True;none
615;15,84121;0;41,9;-48,01;0;PlayerIdleState;PlayerGroundedState;True;none
620;15,92542;0;41,9;-48,01;0;PlayerIdleState;PlayerGroundedState;True;none
625;16,00835;0;41,9;-48,01;0;PlayerIdleState;PlayerGroundedState;True;none
630;16,09153;0;41,9;-48,01;0;PlayerIdleState;PlayerGroundedState;True;none
635;16,17417;0;41,9;-48,01;0;PlayerIdleState;PlayerGroundedState;True;none
640;16,25833;0;41,9;-48,01;0;PlayerIdleState;PlayerGroundedState;True;none
645;16,34146;0;41,9;-48,01;0;PlayerIdleState;PlayerGroundedState;True;none
650;16,42427;0;41,9;-48,01;0;PlayerIdleState;PlayerGroundedState;True;none
655;16,5079;0;41,9;-48,01;0;PlayerIdleState;PlayerGroundedState;True;none
660;16,5912;0;41,9;-48;0,82;PlayerMoveState;PlayerGroundedState;True;none
665;16,67502;0,02;41,9;-47,81;3,75;PlayerMoveState;PlayerGroundedState;False;none
670;16,75822;0,06;41,9;-47,39;6,25;PlayerMoveState;PlayerGroundedState;False;none
675;16,84192;0,13;41,9;-46,77;8,37;PlayerMoveState;PlayerGroundedState;False;none
680;16,92511;0,2;41,9;-45,98;10,4;PlayerMoveState;PlayerGroundedState;False;none
685;17,00891;0,21;41,9;-45,11;10,39;PlayerMoveState;PlayerGroundedState;False;none
690;17,0919;0,16;41,9;-44,25;10,4;PlayerMoveState;PlayerGroundedState;False;none
695;17,17416;0,05;42,45;-43,39;20,94;PlayerMoveState;PlayerJumpState;False;none
700;17,25707;-0,09999999;43,79;-42,53;17,79;PlayerMoveState;PlayerJumpState;False;none
705;17,342;-0,13;44,86;-41,64;15,25;PlayerMoveState;PlayerJumpState;False;none
710;17,4247;-0,04;45,62;-40,77;12,78;PlayerMoveState;PlayerJumpState;False;none
715;17,50714;0,15;46,12;-39,93;11,45;PlayerMoveState;PlayerJumpState;False;none
720;17,59034;0,41;46,4;-39,09;10,73;PlayerMoveState;PlayerFallState;False;none
725;17,67538;0,73;46,45;-38,25;10,59;PlayerMoveState;PlayerFallState;False;none
730;17,7586;1,07;46,31;-37,44;10,93;PlayerMoveState;PlayerFallState;False;none
735;17,84108;1,43;45,99;-36,64;11,6;PlayerMoveState;PlayerFallState;False;none
740;17,92431;1,77;45,5;-35,83;12,48;PlayerMoveState;PlayerFallState;False;none
745;18,00862;2,08;44,85;-34,99;13,74;PlayerMoveState;PlayerFallState;False;none
750;18,09052;2,34;44,07;-34,17;14,78;PlayerMoveState;PlayerFallState;False;none
755;18,17444;2,58;43,15;-33,31;15,82;PlayerMoveState;PlayerFallState;False;none
760;18,25865;2,79;42,1;-32,45;16,83;PlayerMoveState;PlayerFallState;False;none
765;18,34251;2,98;40,94;-31,58;17,8;PlayerMoveState;PlayerFallState;False;none
770;18,42581;3,16;39,69;-30,71;18,94;PlayerMoveState;PlayerFallState;False;none
775;18,50796;3,31;38,72;-29,75;11,14;PlayerMoveState;PlayerGroundedState;True;none
780;18,5911;3,42;38,36;-28,89;11,35;PlayerMoveState;PlayerGroundedState;True;none
785;18,67428;3,53;37,99;-28,03;11,35;PlayerMoveState;PlayerJumpState;True;none
790;18,75728;3,64;38,89;-27,16;15,59;PlayerMoveState;PlayerJumpState;False;none
795;18,84079;3,62;39,71;-26,29;13,48;PlayerMoveState;PlayerJumpState;False;none
800;18,92537;3,45;40,28;-25,42;11,61;PlayerMoveState;PlayerJumpState;False;none
805;19,00808;3,19;40,6;-24,59;10,77;PlayerMoveState;PlayerJumpState;False;none
810;19,09192;3;40,7;-23,73;10,55;PlayerMoveState;PlayerFallState;False;none
815;19,17519;2,89;40,6;-22,86;10,82;PlayerMoveState;PlayerFallState;False;none
820;19,25901;2,84;40,31;-21,97;11,46;PlayerMoveState;PlayerFallState;False;none
825;19,34048;2,84;39,86;-21,11;12,32;PlayerMoveState;PlayerFallState;False;none
830;19,4257;2,87;39,23;-20,21;13,56;PlayerMoveState;PlayerFallState;False;none
835;19,50744;2,92;38,49;-19,35;14,6;PlayerMoveState;PlayerFallState;False;none
840;19,5904;2,99;37,6;-18,47;15,64;PlayerMoveState;PlayerFallState;False;none
845;19,674;3,08;36,58;-17,59;16,65;PlayerMoveState;PlayerFallState;False;none
850;19,75773;3,18;35,45;-16,71;17,63;PlayerMoveState;PlayerFallState;False;none
855;19,84172;3,18;34,21;-15,84;18,49;PlayerMoveState;PlayerFallState;False;none
860;19,92512;3,04;32,89;-14,97;19,62;PlayerMoveState;PlayerFallState;False;none
865;20,00892;2,81;31,81;-14,03;11,08;PlayerMoveState;PlayerGroundedState;True;none
870;20,0924;2,58;31,46;-13,19;11,29;PlayerMoveState;PlayerGroundedState;True;none
875;20,1741;2,32;31,1;-12,38;11,28;PlayerMoveState;PlayerGroundedState;True;none
880;20,25729;2,06;30,9;-11,59;9,75;PlayerMoveState;PlayerGroundedState;False;none
885;20,34127;1,78;30,9;-10,77;10,41;PlayerMoveState;PlayerGroundedState;False;none
890;20,42439;1,51;30,9;-9,95;10,41;PlayerMoveState;PlayerGroundedState;False;none
895;20,50699;1,24;30,9;-9,139999;10,18;PlayerMoveState;PlayerGroundedState;False;none
900;20,5914;0,79;30,9;-8,4;10,31;PlayerMoveState;PlayerGroundedState;False;none
905;20,67584;0,21;30,9;-7,75;10,37;PlayerMoveState;PlayerGroundedState;False;none
910;20,75707;-0,4;30,9;-7,18;10,26;PlayerMoveState;PlayerGroundedState;False;none
915;20,84158;-0,78;30,9;-6,48;9,3;PlayerMoveState;PlayerGroundedState;False;none
920;20,92448;-0,86;30,9;-5,69;9,88;PlayerMoveState;PlayerGroundedState;False;none
925;21,0081;-0,73;30,9;-4,84;10,33;PlayerMoveState;PlayerGroundedState;False;none
930;21,09094;-0,51;30,9;-4,02;10,36;PlayerMoveState;PlayerGroundedState;False;none
935;21,17382;-0,4;30,9;-3,16;10,39;PlayerMoveState;PlayerGroundedState;False;none
940;21,25838;-0,35;30,9;-2,29;10,41;PlayerMoveState;PlayerGroundedState;False;none
945;21,34033;-0,35;30,9;-1,43;10,41;PlayerMoveState;PlayerGroundedState;False;none
950;21,42443;-0,37;30,9;-0,56;10,41;PlayerMoveState;PlayerGroundedState;False;none
955;21,50831;-0,41;30,9;0,32;10,41;PlayerMoveState;PlayerGroundedState;False;none
960;21,59151;-0,45;30,9;1,18;10,41;PlayerMoveState;PlayerGroundedState;False;none
965;21,67479;-0,49;30,9;1,75;2,57;PlayerMoveState;PlayerGroundedState;False;none
970;21,75829;-0,51;30,9;1,98;3,09;PlayerMoveState;PlayerGroundedState;False;none
975;21,84165;-0,53;30,9;2,26;3,57;PlayerMoveState;PlayerGroundedState;False;none
980;21,9243;-0,55;30,9;2,58;4,03;PlayerMoveState;PlayerGroundedState;False;none
985;22,00802;-0,58;30,9;2,94;4,57;PlayerMoveState;PlayerGroundedState;False;none
990;22,09077;-0,61;30,9;3,33;4,98;PlayerMoveState;PlayerGroundedState;False;none
995;22,17431;-0,64;30,9;3,76;5,37;PlayerMoveState;PlayerGroundedState;False;none
1000;22,25731;-0,67;30,9;4,22;5,75;PlayerMoveState;PlayerGroundedState;False;none
1005;22,3419;-0,71;30,9;4,72;6,11;PlayerMoveState;PlayerGroundedState;False;none
1010;22,42397;-0,74;30,9;5,24;6,45;PlayerMoveState;PlayerGroundedState;False;none
1015;22,50775;-0,78;30,9;5,79;6,85;PlayerMoveState;PlayerGroundedState;False;none
1020;22,59159;-0,82;30,9;6,38;7,16;PlayerMoveState;PlayerGroundedState;False;none
1025;22,67447;-0,85;30,9;6,98;7,36;PlayerMoveState;PlayerGroundedState;False;none
1030;22,75828;-0,73;30,9;7,58;6,92;PlayerMoveState;PlayerGroundedState;False;none
1035;22,84103;-0,5;30,9;8,05;5,63;PlayerMoveState;PlayerGroundedState;False;none
1040;22,92455;-0,4;30,9;8,42;4,37;PlayerMoveState;PlayerGroundedState;False;none
1045;23,00861;-0,37;30,9;8,809999;4,83;PlayerMoveState;PlayerGroundedState;False;none
1050;23,09219;-0,36;30,9;9,23;5,23;PlayerMoveState;PlayerGroundedState;False;none
1055;23,17532;-0,35;30,9;9,679999;5,61;PlayerMoveState;PlayerGroundedState;False;none
1060;23,25727;-0,34;30,9;10,15;5,97;PlayerMoveState;PlayerGroundedState;False;none
1065;23,34119;-0,33;30,9;10,67;6,31;PlayerMoveState;PlayerGroundedState;False;none
1070;23,42418;-0,31;30,9;11,2;6,64;PlayerMoveState;PlayerGroundedState;False;none
1075;23,50841;-0,29;30,9;11,78;7,06;PlayerMoveState;PlayerGroundedState;False;none
1080;23,59205;-0,27;30,9;12,38;7,36;PlayerMoveState;PlayerGroundedState;False;none
1085;23,67541;-0,25;30,9;13;7,65;PlayerMoveState;PlayerGroundedState;False;none
1090;23,75842;-0,23;31,88;13,57;18,35;PlayerIdleState;PlayerJumpState;False;none
1095;23,84215;-0,21;33,14;14,05;14,56;PlayerIdleState;PlayerJumpState;False;none
1100;23,92374;-0,19;34,08;14,47;11,38;PlayerIdleState;PlayerJumpState;False;none
1105;24,00767;-0,18;34,78;14,86;7,87;PlayerIdleState;PlayerJumpState;False;none
1110;24,09048;-0,09999999;35,22;15,21;6,02;PlayerMoveState;PlayerJumpState;False;none
1115;24,17541;0,09999999;35,44;15,53;4,5;PlayerIdleState;PlayerFallState;False;none
1120;24,25817;0,28;35,43;15,83;4,14;PlayerIdleState;PlayerFallState;False;none
1125;24,34111;0,44;35,24;16,05;4,07;PlayerMoveState;PlayerFallState;False;none
1130;24,42595;0,59;34,86;16,02;6,35;PlayerMoveState;PlayerFallState;False;none
1135;24,50874;0,7;34,33;15,79;8,16;PlayerIdleState;PlayerFallState;False;none
1140;24,59024;0,81;33,66;15,56;9,62;PlayerIdleState;PlayerFallState;False;none
1145;24,67388;0,88;33,13;15,42;0,02;PlayerMoveState;PlayerGroundedState;False;B
1150;24,75857;0,88;33,13;15,42;0;PlayerMoveState;PlayerGroundedState;False;B
1155;24,84036;0,88;33,13;15,42;0;PlayerMoveState;PlayerGroundedState;False;B
1160;24,92431;0,88;33,13;15,42;0;PlayerMoveState;PlayerGroundedState;False;B
1165;25,00696;0,88;33,13;15,42;0;PlayerMoveState;PlayerGroundedState;False;B
1170;25,09066;0,88;33,13;15,42;0,02;PlayerMoveState;PlayerGroundedState;False;B
1175;25,17685;0,88;33,13;15,42;0;PlayerMoveState;PlayerGroundedState;False;B
1180;25,25836;0,88;33,13;15,42;0;PlayerIdleState;PlayerGroundedState;False;B
1185;25,34157;0,88;33,13;15,42;0;PlayerIdleState;PlayerGroundedState;False;B
1190;25,42452;0,88;33,13;15,42;0;PlayerIdleState;PlayerGroundedState;False;B
1195;25,50746;0,88;33,13;15,42;0;PlayerIdleState;PlayerGroundedState;False;B
1200;25,59165;0,88;33,13;15,42;0;PlayerIdleState;PlayerGroundedState;False;B
1205;25,67371;0,88;33,13;15,42;0;PlayerIdleState;PlayerGroundedState;False;B
1210;25,75783;0,88;33,13;15,42;0;PlayerIdleState;PlayerGroundedState;False;B
1215;25,84203;0,88;33,13;15,42;0;PlayerIdleState;PlayerGroundedState;False;B
1220;25,92394;0,88;33,13;15,42;0;PlayerIdleState;PlayerGroundedState;False;B
1225;26,00724;0,88;33,13;15,42;0;PlayerIdleState;PlayerGroundedState;False;B
1230;26,09106;0,88;33,13;15,42;0;PlayerIdleState;PlayerGroundedState;False;B
1235;26,17403;0,88;33,13;15,42;0;PlayerIdleState;PlayerGroundedState;False;B
1240;26,25817;0,88;33,13;15,42;0;PlayerIdleState;PlayerGroundedState;False;B
1245;26,34068;0,88;33,13;15,42;0;PlayerIdleState;PlayerGroundedState;False;B
1250;26,42402;0,88;33,13;15,42;0;PlayerIdleState;PlayerGroundedState;False;B
1255;26,50684;0,88;33,13;15,42;0;PlayerIdleState;PlayerGroundedState;False;B
1260;26,59123;0,88;33,13;15,42;0;PlayerIdleState;PlayerGroundedState;False;B
1265;26,67472;0,88;33,13;15,42;0;PlayerIdleState;PlayerGroundedState;False;B
1270;26,7591;0,88;33,13;15,42;0;PlayerIdleState;PlayerGroundedState;False;B
1275;26,8409;0,88;33,13;15,42;0;PlayerIdleState;PlayerGroundedState;False;B
1280;26,92519;0,88;33,13;15,42;0;PlayerIdleState;PlayerGroundedState;False;B
1285;27,00634;0,88;33,13;15,42;0;PlayerIdleState;PlayerGroundedState;False;B
1290;27,09054;0,88;33,13;15,42;0;PlayerIdleState;PlayerGroundedState;False;B
1295;27,17471;0,88;33,13;15,42;0;PlayerIdleState;PlayerGroundedState;False;B
1300;27,25675;0,88;33,13;15,42;0;PlayerIdleState;PlayerGroundedState;False;B
1305;27,55447;0,88;33,13;15,42;0;PlayerIdleState;PlayerGroundedState;False;B
1310;27,63648;0,88;33,13;15,42;0;PlayerIdleState;PlayerGroundedState;False;B
1315;27,71924;0,88;33,13;15,42;0;PlayerIdleState;PlayerGroundedState;False;B
1320;27,80253;0,88;33,13;15,42;0;PlayerIdleState;PlayerGroundedState;False;B
1325;27,88755;0,88;33,13;15,42;0;PlayerIdleState;PlayerGroundedState;False;B
1330;27,97007;0,88;33,13;15,42;0;PlayerIdleState;PlayerGroundedState;False;B
1335;28,05429;0,88;33,13;15,42;0;PlayerIdleState;PlayerGroundedState;False;B
1340;28,13835;0,88;33,13;15,42;0;PlayerIdleState;PlayerGroundedState;False;B
1345;28,21958;0,88;33,13;15,42;0;PlayerIdleState;PlayerGroundedState;False;B
1350;28,30367;0,88;33,13;15,42;0;PlayerIdleState;PlayerGroundedState;False;B
1355;28,38633;0,88;33,13;15,42;0;PlayerIdleState;PlayerGroundedState;False;B
1360;28,47099;0,88;33,13;15,42;0;PlayerIdleState;PlayerGroundedState;False;B
1365;28,55245;0,88;33,13;15,42;0;PlayerIdleState;PlayerGroundedState;False;B
1370;28,63633;0,88;33,13;15,42;0;PlayerIdleState;PlayerGroundedState;False;B
1375;28,71957;0,88;33,13;15,42;0;PlayerIdleState;PlayerGroundedState;False;B
1380;28,80338;0,88;33,13;15,42;0;PlayerIdleState;PlayerGroundedState;False;B
1385;28,88602;0,88;33,13;15,42;0;PlayerIdleState;PlayerGroundedState;False;B
1390;28,97155;0,88;33,13;15,42;0;PlayerIdleState;PlayerGroundedState;False;B
1395;29,05445;0,88;33,13;15,42;0;PlayerIdleState;PlayerGroundedState;False;B
1400;29,13633;0,88;33,13;15,42;0;PlayerIdleState;PlayerGroundedState;False;B
1405;29,21939;0,88;33,13;15,42;0;PlayerIdleState;PlayerGroundedState;False;B
1410;29,303;0,88;33,13;15,42;0;PlayerIdleState;PlayerGroundedState;False;B
1415;29,38653;0,88;33,13;15,42;0;PlayerIdleState;PlayerGroundedState;False;B
1420;29,46894;0,88;33,13;15,42;0;PlayerIdleState;PlayerGroundedState;False;B
1425;29,55375;0,88;33,13;15,42;0;PlayerIdleState;PlayerGroundedState;False;B
1430;29,63679;0,88;33,13;15,42;0;PlayerIdleState;PlayerGroundedState;False;B
1435;29,72006;0,88;33,13;15,42;0;PlayerIdleState;PlayerGroundedState;False;B
1440;29,80333;0,88;33,13;15,42;0;PlayerIdleState;PlayerGroundedState;False;B
1445;29,88707;0,88;33,13;15,42;0;PlayerIdleState;PlayerGroundedState;False;B
1450;29,97038;0,88;33,13;15,42;0;PlayerIdleState;PlayerGroundedState;False;B
1455;30,05243;0,88;33,13;15,42;0;PlayerIdleState;PlayerGroundedState;False;B
1460;30,13791;0,88;33,13;15,42;0;PlayerIdleState;PlayerGroundedState;False;B
1465;30,21973;0,88;33,13;15,42;0;PlayerIdleState;PlayerGroundedState;False;B
1470;30,30465;0,88;33,13;15,42;0;PlayerIdleState;PlayerGroundedState;False;B
1475;30,3868;0,88;33,13;15,42;0;PlayerIdleState;PlayerGroundedState;False;B
1480;30,47015;0,88;33,13;15,42;0;PlayerIdleState;PlayerGroundedState;False;B
1485;30,5526;0,88;33,13;15,42;0;PlayerIdleState;PlayerGroundedState;False;B
1490;30,63683;0,88;33,13;15,42;0;PlayerIdleState;PlayerGroundedState;False;B
1495;30,72056;0,88;33,13;15,42;0;PlayerIdleState;PlayerGroundedState;False;B
1500;30,80408;0,88;33,13;15,42;0;PlayerIdleState;PlayerGroundedState;False;B
1505;30,88697;0,88;33,13;15,42;0;PlayerIdleState;PlayerGroundedState;False;B
1510;30,97148;0,88;33,13;15,42;0;PlayerIdleState;PlayerGroundedState;False;B
1515;31,05221;0,88;33,13;15,42;0;PlayerIdleState;PlayerGroundedState;False;B
1520;31,13591;0,88;33,13;15,42;0;PlayerIdleState;PlayerGroundedState;False;B
1525;31,21962;0,88;33,13;15,42;0;PlayerIdleState;PlayerGroundedState;False;B
1530;31,30295;0,88;33,13;15,42;0;PlayerIdleState;PlayerGroundedState;False;B
1535;31,38669;0,88;33,13;15,42;0;PlayerIdleState;PlayerGroundedState;False;B
1540;31,47049;0,88;33,13;15,42;0;PlayerIdleState;PlayerGroundedState;False;B
1545;31,55312;0,88;33,13;15,42;0;PlayerIdleState;PlayerGroundedState;False;B
1550;31,63616;0,88;33,13;15,42;0;PlayerIdleState;PlayerGroundedState;False;B
1555;31,71979;0,88;33,13;15,42;0;PlayerIdleState;PlayerGroundedState;False;B
1560;31,80412;0,88;33,13;15,42;0;PlayerIdleState;PlayerGroundedState;False;B
1565;31,88746;0,88;33,13;15,42;0;PlayerIdleState;PlayerGroundedState;False;B
1570;31,97093;0,88;33,21;15,54;7,19;PlayerIdleState;PlayerGroundedState;False;B
1575;32,05261;0,88;34,04;16,96;28,92;PlayerIdleState;PlayerGroundedState;False;B
1580;32,13621;0,9;35,32;19,3;34,93;PlayerIdleState;PlayerGroundedState;False;B
1585;32,21937;0,93;36,63;21,96;35,93;PlayerIdleState;PlayerGroundedState;False;B
1590;32,31984;0,97;38;25,25;34,93;PlayerIdleState;PlayerGroundedState;False;B
1595;32,40226;0,9899999;38,92;27,95;34,53;PlayerIdleState;PlayerGroundedState;False;B
1600;32,48545;0,9899999;39,73;30,73;35,01;PlayerIdleState;PlayerGroundedState;False;B
1605;32,56951;0,98;40,56;33,55;34,77;PlayerIdleState;PlayerGroundedState;False;B
1610;32,65131;0,96;41,2;36,29;34,2;PlayerIdleState;PlayerGroundedState;False;B
1615;32,73495;0,94;41,64;39,09;33,71;PlayerIdleState;PlayerGroundedState;False;B
1620;32,81826;0,92;41,87;41,88;33,5;PlayerIdleState;PlayerGroundedState;False;B
1625;32,90133;0,9;41,91;44,66;33,45;PlayerIdleState;PlayerGroundedState;False;B
1630;32,98571;0,88;41,73;47,48;33,57;PlayerIdleState;PlayerGroundedState;False;B
1635;33,06934;0,86;41,35;50,27;33,86;PlayerIdleState;PlayerGroundedState;False;B
1640;33,15363;0,84;40,76;53,09;34,43;PlayerIdleState;PlayerGroundedState;False;B
1645;33,23599;0,82;39,98;55,84;35,06;PlayerMoveState;PlayerGroundedState;False;B
1650;33,31924;0,8;38,99;58,62;35,97;PlayerMoveState;PlayerGroundedState;False;B
1655;33,4015;0,78;37,82;61,38;37;PlayerMoveState;PlayerGroundedState;False;B
1660;33,48424;0,76;36,43;64,16;38,14;PlayerMoveState;PlayerGroundedState;False;B
1665;33,56739;0,73;34,84;66,97;39,39;PlayerMoveState;PlayerGroundedState;False;B
1670;33,6516;0,7;33,02;69,82;5,16;PlayerMoveState;PlayerGroundedState;False;B
1675;33,73571;0,72;33,13;70,16;3,94;PlayerMoveState;PlayerGroundedState;False;B
1680;33,81959;0,72;33,13;70,41;1,73;PlayerMoveState;PlayerGroundedState;False;B
1685;33,90106;0,72;33,13;70,47;0,01;PlayerMoveState;PlayerGroundedState;True;B
1690;33,98587;0,72;33,13;70,47;0;PlayerMoveState;PlayerGroundedState;False;B
1695;34,06757;0,72;33,13;70,47;0;PlayerMoveState;PlayerGroundedState;False;B
1700;34,15108;0,72;33,13;70,47;0;PlayerMoveState;PlayerGroundedState;False;B
1705;34,23544;0,72;33,13;70,47;0;PlayerMoveState;PlayerGroundedState;False;B
1710;34,31802;0,72;33,09;70,56;3,7;PlayerMoveState;PlayerGroundedState;False;none
1715;34,40164;0,71;32,91;70,97;5,36;PlayerMoveState;PlayerGroundedState;False;none
1720;34,48456;0,69;32,9;71,5;7,35;PlayerMoveState;PlayerGroundedState;False;none
1725;34,56849;0,67;32,9;72,21;9,309999;PlayerMoveState;PlayerGroundedState;False;none
1730;34,65082;0,65;32,9;73,04;10,41;PlayerMoveState;PlayerGroundedState;False;none
1735;34,73499;0,63;32,9;73,92;10,41;PlayerMoveState;PlayerGroundedState;False;none
1740;34,81855;0,62;32,89;74,79;10,57;PlayerMoveState;PlayerGroundedState;True;none
1745;34,90254;0,6;32,72;75,68;11,03;PlayerMoveState;PlayerFallState;False;none
1750;34,98632;0,59;32,37;76,57;11,75;PlayerMoveState;PlayerFallState;False;none
1755;35,06898;0,59;31,86;77,43999;12,66;PlayerMoveState;PlayerFallState;False;none
1760;35,15216;0,58;31,2;78,32;13,34;PlayerIdleState;PlayerFallState;False;none
1765;35,23475;0,58;30,9;79;6,33;PlayerIdleState;PlayerGroundedState;False;none
1770;35,31997;0,58;30,9;79,45;4,1;PlayerIdleState;PlayerGroundedState;False;none
1775;35,40215;0,58;30,9;79,71;2,21;PlayerIdleState;PlayerGroundedState;False;none
1780;35,48481;0,58;30,9;79,82;0,6;PlayerIdleState;PlayerGroundedState;False;none
1785;35,56893;0,58;30,9;79,83;0;PlayerIdleState;PlayerGroundedState;False;none
1790;35,65228;0,58;30,9;79,83;0;PlayerMoveState;PlayerGroundedState;False;none
1795;35,73484;0,57;30,9;79,73;3,06;PlayerMoveState;PlayerGroundedState;False;none
1800;35,81962;0,57;30,9;79,38;5,33;PlayerMoveState;PlayerGroundedState;False;none
1805;35,9027;0,7;30,9;78,86;7,57;PlayerMoveState;PlayerGroundedState;False;none
1810;35,98588;0,85;30,9;78,16;9,46;PlayerMoveState;PlayerGroundedState;False;none
1815;36,06819;0,96;30,9;77,33;10,39;PlayerMoveState;PlayerGroundedState;False;none
1820;36,15221;1;30,9;76,46;10,36;PlayerMoveState;PlayerGroundedState;False;none
1825;36,23532;0,9;30,9;75,61;10,32;PlayerMoveState;PlayerGroundedState;False;none
1830;36,31853;0,65;30,9;74,86;4,65;PlayerMoveState;PlayerGroundedState;False;none
1835;36,40115;0,29;30,9;74,77;4,51;PlayerMoveState;PlayerGroundedState;False;none
1840;36,48561;-0,02;30,9;74,71;3,07;PlayerMoveState;PlayerGroundedState;False;none
1845;36,56894;-0,22;30,9;74,66;1,96;PlayerMoveState;PlayerGroundedState;False;none
1850;36,65206;-0,3;30,9;74,56;1,31;PlayerIdleState;PlayerGroundedState;False;none
1855;36,73463;-0,33;30,9;74,51;0;PlayerIdleState;PlayerGroundedState;False;none
1860;36,81741;-0,33;30,9;74,51;0;PlayerIdleState;PlayerGroundedState;False;none
1865;36,90111;-0,33;30,9;74,51;0;PlayerIdleState;PlayerGroundedState;False;none
1870;36,98469;-0,33;30,9;74,51;0;PlayerIdleState;PlayerGroundedState;False;none
1875;37,06875;-0,33;30,9;74,51;0;PlayerIdleState;PlayerGroundedState;False;none
1880;37,15274;-0,33;30,9;74,51;0;PlayerIdleState;PlayerGroundedState;False;none
1885;37,23472;-0,33;30,9;74,51;0;PlayerIdleState;PlayerGroundedState;False;none
1890;37,31874;-0,33;30,9;74,51;0;PlayerIdleState;PlayerGroundedState;False;none
1895;37,40322;-0,33;30,9;74,51;0;PlayerIdleState;PlayerGroundedState;False;none
1900;37,48486;-0,33;30,9;74,51;0;PlayerIdleState;PlayerGroundedState;False;none
1905;37,57048;-0,33;30,9;74,51;0;PlayerIdleState;PlayerGroundedState;False;none
1910;37,65105;-0,33;30,9;74,41;2,34;PlayerMoveState;PlayerGroundedState;False;none
1915;37,73616;-0,33;30,9;74,06;5,66;PlayerMoveState;PlayerGroundedState;False;none
1920;37,81806;-0,33;30,9;73,51;7,87;PlayerMoveState;PlayerGroundedState;False;none
1925;37,90232;-0,31;30,9;72,77;9,74;PlayerMoveState;PlayerGroundedState;False;none
1930;37,98604;-0,27;30,9;71,91;10,41;PlayerMoveState;PlayerGroundedState;False;none
1935;38,06904;-0,23;30,75;71,04;10,92;PlayerMoveState;PlayerFallState;False;none
1940;38,15152;-0,17;30,43;70,17;11,8;PlayerMoveState;PlayerFallState;False;none
1945;38,23417;-0,11;29,94;69,34;11,76;PlayerIdleState;PlayerFallState;False;none
1950;38,31804;-0,06;29,28;68,58;12,32;PlayerIdleState;PlayerFallState;False;none
1955;38,40264;-0,01;28,48;67,87;13,05;PlayerIdleState;PlayerFallState;False;none
1960;38,48521;0,04;27,56;67,24;13,87;PlayerIdleState;PlayerFallState;False;none
1965;38,56775;0,08;26,53;66,66;14,74;PlayerIdleState;PlayerFallState;False;none
1970;38,65097;0,12;25,38;66,12;15,62;PlayerIdleState;PlayerFallState;False;none
1975;38,73605;0,06;24,9;65,55;8,179999;PlayerMoveState;PlayerGroundedState;False;none
1980;38,81913;-0,2;24,9;64,83;10,13;PlayerMoveState;PlayerGroundedState;False;none
1985;38,90205;-0,53;24,84;64,02;10,73;PlayerMoveState;PlayerFallState;False;none
1990;38,98513;-0,83;24,6;63,19;11,26;PlayerMoveState;PlayerFallState;False;none
1995;39,06875;-1,05;24,18;62,34;12,06;PlayerMoveState;PlayerFallState;False;none
2000;39,15261;-1,19;23,59;61,47;13,29;PlayerMoveState;PlayerFallState;False;none
2005;39,23474;-1,27;22,91;60,66;3,73;PlayerIdleState;PlayerGroundedState;False;none
2010;39,3192;-1,29;22,9;60,44;1,66;PlayerIdleState;PlayerGroundedState;False;none
2015;39,40218;-1,3;22,9;60,36;0,13;PlayerIdleState;PlayerGroundedState;False;none
2020;39,48545;-1,3;22,9;60,36;0;PlayerIdleState;PlayerGroundedState;False;none
2025;39,56802;-1,3;22,9;60,36;0;PlayerIdleState;PlayerGroundedState;False;none
2030;39,65242;-1,3;22,9;60,36;0;PlayerIdleState;PlayerGroundedState;False;none
2035;39,73596;-1,3;22,9;60,36;0;PlayerIdleState;PlayerGroundedState;False;none
2040;39,81737;-1,3;22,9;60,36;0;PlayerIdleState;PlayerGroundedState;False;none
2045;39,90112;-1,3;22,9;60,36;0;PlayerIdleState;PlayerGroundedState;False;none
2050;39,98457;-1,3;22,9;60,36;0;PlayerIdleState;PlayerGroundedState;False;none
2055;40,0693;-1,3;22,9;60,36;0;PlayerIdleState;PlayerGroundedState;False;none
2060;40,15181;-1,3;22,9;60,36;0;PlayerIdleState;PlayerGroundedState;False;none
2065;40,23457;-1,3;22,9;60,36;0;PlayerIdleState;PlayerGroundedState;False;none
2070;40,31983;-1,3;22,9;60,36;0;PlayerIdleState;PlayerGroundedState;False;none
2075;40,4015;-1,3;22,9;60,36;0;PlayerIdleState;PlayerGroundedState;False;none
2080;40,48491;-1,3;22,9;60,36;0;PlayerIdleState;PlayerGroundedState;False;none
2085;40,56962;-1,3;22,9;60,36;0;PlayerIdleState;PlayerGroundedState;False;none
2090;40,65106;-1,3;22,9;60,36;0;PlayerIdleState;PlayerGroundedState;False;none
